{
  "providers": {
    "awscloudformation": {
      "AuthRoleName": "amplify-gameoflife-dev-174230-authRole",
      "UnauthRoleArn": "arn:aws:iam::863886183054:role/amplify-gameoflife-dev-174230-unauthRole",
      "AuthRoleArn": "arn:aws:iam::863886183054:role/amplify-gameoflife-dev-174230-authRole",
      "Region": "us-east-2",
      "DeploymentBucketName": "amplify-gameoflife-dev-174230-deployment",
      "UnauthRoleName": "amplify-gameoflife-dev-174230-unauthRole",
      "StackName": "amplify-gameoflife-dev-174230",
      "StackId": "arn:aws:cloudformation:us-east-2:863886183054:stack/amplify-gameoflife-dev-174230/b9cd1800-03fc-11eb-8ea9-027209769fbe",
      "AmplifyAppId": "d8l1snlafafbf"
    }
  },
  "api": {
    "GameOfLife AppSync App": {
      "service": "AppSync",
      "output": {
        "authConfig": {
          "defaultAuthentication": {
            "authenticationType": "AMAZON_COGNITO_USER_POOLS"
          },
          "additionalAuthenticationProviders": null,
          "userPoolConfig": {
            "userPoolId": "us-east-2_solcX9fPR",
            "awsRegion": "us-east-2",
            "defaultAction": "ALLOW",
            "appIdClientRegex": null
          }
        },
        "GraphQLAPIIdOutput": "u6z54gfvwfb3pk7r7m6mhhryvy",
        "GraphQLAPIEndpointOutput": "https://njpq4ww72vbbxijr7xdxfpqm5m.appsync-api.us-east-2.amazonaws.com/graphql",
        "name": "GameOfLife AppSync App",
        "region": "us-east-2"
      },
      "lastPushTimeStamp": "2020-10-01T15:49:03.602Z"
    }
  },
  "auth": {
    "gameoflife70abac1e": {
      "service": "Cognito",
      "providerPlugin": "awscloudformation",
      "dependsOn": [],
      "customAuth": false,
      "providerMetadata": {
        "s3TemplateURL": "https://s3.amazonaws.com/amplify-gameoflife-dev-174230-deployment/amplify-cfn-templates/auth/gameoflife70abac1e-cloudformation-template.yml",
        "logicalId": "authgameoflife70abac1e"
      },
      "lastPushTimeStamp": "2020-10-01T15:54:48.035Z",
      "output": {
        "AppClientSecret": "ojvcniqf5apos28lt4edl3sou4i5mlo4fqbns6nkujn48nkshns",
        "UserPoolId": "us-east-2_liTNGEld6",
        "AppClientIDWeb": "6m52dk43pk16a0ccbsv9450rc7",
        "AppClientID": "66enikdg25sh0l0pe8rll6qmej",
        "IdentityPoolId": "us-east-2:56867a34-8b0f-48b7-a6a6-c6edcf413f39",
        "IdentityPoolName": "gameoflife70abac1e_identitypool_70abac1e__dev",
        "UserPoolName": "gameoflife70abac1e_userpool_70abac1e"
      },
      "lastPushDirHash": "sHbAsN0mv4PzuOrQxzGpf4Jy9qM="
    }
  }
}